[
  {
    "name": "United Kingdom of Great Britain and Northern Ireland",
    "topLevelDomain": [
      ".uk"
    ],
    "alpha2Code": "GB",
    "alpha3Code": "GBR",
    "callingCodes": [
      "44"
    ],
    "capital": "London",
    "altSpellings": [
      "GB",
      "UK",
      "Great Britain"
    ],
    "region": "Europe",
    "subregion": "Northern Europe",
    "population": 65110000,
    "latlng": [
      54,
      -2
    ],
    "demonym": "British",
    "area": 242900,
    "gini": 34,
    "timezones": [
      "UTC-08:00",
      "UTC-05:00",
      "UTC-04:00",
      "UTC-03:00",
      "UTC-02:00",
      "UTC",
      "UTC+01:00",
      "UTC+02:00",
      "UTC+06:00"
    ],
    "borders": [
      "IRL"
    ],
    "nativeName": "United Kingdom",
    "numericCode": "826",
    "currencies": [
      {
        "code": "GBP",
        "name": "British pound",
        "symbol": "£"
      }
    ],
    "languages": [
      {
        "iso639_1": "en",
        "iso639_2": "eng",
        "name": "English",
        "nativeName": "English"
      }
    ],
    "translations": {
      "de": "Vereinigtes Königreich",
      "es": "Reino Unido",
      "fr": "Royaume-Uni",
      "ja": "イギリス",
      "it": "Regno Unito",
      "br": "Reino Unido",
      "pt": "Reino Unido",
      "nl": "Verenigd Koninkrijk",
      "hr": "Ujedinjeno Kraljevstvo",
      "fa": "بریتانیای کبیر و ایرلند شمالی"
    },
    "flag": "https://restcountries.eu/data/gbr.svg",
    "regionalBlocs": [
      {
        "acronym": "EU",
        "name": "European Union",
        "otherAcronyms": [],
        "otherNames": []
      }
    ],
    "cioc": "GBR"
  },
  {
    "name": "Romania",
    "topLevelDomain": [
      ".ro"
    ],
    "alpha2Code": "RO",
    "alpha3Code": "ROU",
    "callingCodes": [
      "40"
    ],
    "capital": "Bucharest",
    "altSpellings": [
      "RO",
      "Rumania",
      "Roumania",
      "România"
    ],
    "region": "Europe",
    "subregion": "Eastern Europe",
    "population": 19861408,
    "latlng": [
      46,
      25
    ],
    "demonym": "Romanian",
    "area": 238391,
    "gini": 30,
    "timezones": [
      "UTC+02:00"
    ],
    "borders": [
      "BGR",
      "HUN",
      "MDA",
      "SRB",
      "UKR"
    ],
    "nativeName": "România",
    "numericCode": "642",
    "currencies": [
      {
        "code": "RON",
        "name": "Romanian leu",
        "symbol": "lei"
      }
    ],
    "languages": [
      {
        "iso639_1": "ro",
        "iso639_2": "ron",
        "name": "Romanian",
        "nativeName": "Română"
      }
    ],
    "translations": {
      "de": "Rumänien",
      "es": "Rumania",
      "fr": "Roumanie",
      "ja": "ルーマニア",
      "it": "Romania",
      "br": "Romênia",
      "pt": "Roménia",
      "nl": "Roemenië",
      "hr": "Rumunjska",
      "fa": "رومانی"
    },
    "flag": "https://restcountries.eu/data/rou.svg",
    "regionalBlocs": [
      {
        "acronym": "EU",
        "name": "European Union",
        "otherAcronyms": [],
        "otherNames": []
      }
    ],
    "cioc": "ROU"
  }
]